{
  "deny": {
    "precision": 0.8,
    "recall": 0.6666666666666666,
    "f1-score": 0.7272727272727272,
    "support": 6,
    "confused_with": {
      "mood_unhappy": 1,
      "greet": 1
    }
  },
  "greet": {
    "precision": 0.6666666666666666,
    "recall": 1.0,
    "f1-score": 0.8,
    "support": 6,
    "confused_with": {}
  },
  "mood_unhappy": {
    "precision": 0.6666666666666666,
    "recall": 0.6,
    "f1-score": 0.631578947368421,
    "support": 10,
    "confused_with": {
      "mood_great": 3,
      "deny": 1
    }
  },
  "affirm": {
    "precision": 0.6666666666666666,
    "recall": 0.4,
    "f1-score": 0.5,
    "support": 5,
    "confused_with": {
      "mood_great": 2,
      "greet": 1
    }
  },
  "mood_great": {
    "precision": 0.4444444444444444,
    "recall": 0.5,
    "f1-score": 0.47058823529411764,
    "support": 8,
    "confused_with": {
      "mood_unhappy": 2,
      "greet": 1
    }
  },
  "accuracy": 0.6285714285714286,
  "macro avg": {
    "precision": 0.6488888888888888,
    "recall": 0.6333333333333333,
    "f1-score": 0.6258879819870533,
    "support": 35
  },
  "weighted avg": {
    "precision": 0.6387301587301587,
    "recall": 0.6285714285714286,
    "f1-score": 0.6212609062763862,
    "support": 35
  }
}